{
	"info": {
		"_postman_id": "2a24737d-9e18-44ec-857a-ad23e3eedca2",
		"name": "ecommerce",
		"schema": "https://schema.getpostman.com/json/collection/v2.1.0/collection.json"
	},
	"item": [
		{
			"name": "Product",
			"item": [
				{
					"name": "Add a new Product",
					"request": {
						"method": "POST",
						"header": [],
						"body": {
							"mode": "raw",
							"raw": "{\r\n\"productname\":\"2021 Apple TV 4K (32GB) 2nd Generation\",\r\n\"brandname\": \"Apple\",\r\n\"image\" : \"tv.jpg\",\r\n\"pricing\" : \"300.0\",\r\n\"shippingcost\" : \"40.0\",\r\n\"description\" : \"ok\",\r\n\"id\": \"4\"\r\n}",
							"options": {
								"raw": {
									"language": "json"
								}
							}
						},
						"url": {
							"raw": "{{baseUrl}}/product",
							"host": [
								"{{baseUrl}}"
							],
							"path": [
								"product"
							]
						}
					},
					"response": []
				},
				{
					"name": "Get All the Product",
					"request": {
						"method": "GET",
						"header": [],
						"url": {
							"raw": "{{baseUrl}}/product",
							"host": [
								"{{baseUrl}}"
							],
							"path": [
								"product"
							]
						}
					},
					"response": []
				},
				{
					"name": "Get Product By Id",
					"request": {
						"method": "GET",
						"header": [],
						"url": {
							"raw": "{{baseUrl}}/product/61885815aa09b1244f6ebe91",
							"host": [
								"{{baseUrl}}"
							],
							"path": [
								"product",
								"61885815aa09b1244f6ebe91"
							]
						}
					},
					"response": []
				},
				{
					"name": "Update Product Record",
					"request": {
						"method": "PUT",
						"header": [],
						"body": {
							"mode": "raw",
							"raw": "{\r\n\"productname\":\"2021 Apple TV 4K (32GB) 2nd Generation\",\r\n\"image\" : \"tv.jpg\",\r\n\"pricing\" : \"300.0\",\r\n\"shippingcost\" : \"40.0\",\r\n\"description\" : \"Dolby Atmos for immersive, room-filling A12 Bio...\",\r\n\"id\": \"4\",\r\n\"brand\": \"Apple\"\r\n}",
							"options": {
								"raw": {
									"language": "json"
								}
							}
						},
						"url": {
							"raw": "{{baseUrl}}/product/61888a432c7a5d671e9547e7",
							"host": [
								"{{baseUrl}}"
							],
							"path": [
								"product",
								"61888a432c7a5d671e9547e7"
							]
						}
					},
					"response": []
				},
				{
					"name": "Delete A Product",
					"request": {
						"method": "DELETE",
						"header": [],
						"url": {
							"raw": "{{baseUrl}}/product/61889376dbad1ed83d64fdfe",
							"host": [
								"{{baseUrl}}"
							],
							"path": [
								"product",
								"61889376dbad1ed83d64fdfe"
							]
						}
					},
					"response": []
				}
			],
			"event": [
				{
					"listen": "prerequest",
					"script": {
						"type": "text/javascript",
						"exec": [
							""
						]
					}
				},
				{
					"listen": "test",
					"script": {
						"type": "text/javascript",
						"exec": [
							"pm.variables.get(\"variable_key\");"
						]
					}
				}
			]
		},
		{
			"name": "Cart",
			"item": [
				{
					"name": "Get the Cart Products of the User",
					"request": {
						"method": "GET",
						"header": [],
						"url": {
							"raw": "{{baseUrl}}/cart/6188a11e93dba6476e3bf8db",
							"host": [
								"{{baseUrl}}"
							],
							"path": [
								"cart",
								"6188a11e93dba6476e3bf8db"
							]
						}
					},
					"response": []
				},
				{
					"name": "Add multiple products to Cart of the User",
					"request": {
						"method": "POST",
						"header": [],
						"body": {
							"mode": "raw",
							"raw": "{\r\n    \"userid\" : \"6188a11e93dba6476e3bf8db\",\r\n    \"quantity\" : 2,\r\n    \"cart\": \r\n    {\r\n    \"productid1\" : \"61888a432c7a5d671e9547e7\",\r\n    \"productid2\" : \"61886206aa09b1244f6ebe94\"\r\n    }\r\n}",
							"options": {
								"raw": {
									"language": "json"
								}
							}
						},
						"url": {
							"raw": "{{baseUrl}}/cart",
							"host": [
								"{{baseUrl}}"
							],
							"path": [
								"cart"
							]
						}
					},
					"response": []
				},
				{
					"name": "Update the Quantity and Cart Products of the User",
					"request": {
						"method": "PUT",
						"header": [],
						"body": {
							"mode": "raw",
							"raw": "{\r\n    \"userid\" : \"6188a11e93dba6476e3bf8db\",\r\n    \"quantity\" : 3,\r\n    \"cart\": \r\n    {\r\n    \"productid1\" : \"61888a432c7a5d671e9547e7\",\r\n    \"productid2\" : \"61886206aa09b1244f6ebe94\"\r\n    }\r\n}",
							"options": {
								"raw": {
									"language": "json"
								}
							}
						},
						"url": {
							"raw": "{{baseUrl}}/cart/6188e40c20c80d3bdb445c6f",
							"host": [
								"{{baseUrl}}"
							],
							"path": [
								"cart",
								"6188e40c20c80d3bdb445c6f"
							]
						}
					},
					"response": []
				},
				{
					"name": "Delete a Product by Id from Cart",
					"request": {
						"method": "DELETE",
						"header": [],
						"url": {
							"raw": "{{baseUrl}}/cart/6188e40c20c80d3bdb445c6f",
							"host": [
								"{{baseUrl}}"
							],
							"path": [
								"cart",
								"6188e40c20c80d3bdb445c6f"
							]
						}
					},
					"response": []
				}
			]
		},
		{
			"name": "Comment",
			"item": [
				{
					"name": "Get the comments of perticular product",
					"request": {
						"method": "GET",
						"header": [
							{
								"key": "id",
								"value": "1",
								"type": "text"
							}
						],
						"url": {
							"raw": "{{baseUrl}}/comment/61888a432c7a5d671e9547e7",
							"host": [
								"{{baseUrl}}"
							],
							"path": [
								"comment",
								"61888a432c7a5d671e9547e7"
							]
						}
					},
					"response": []
				},
				{
					"name": "Get All the Comments",
					"request": {
						"method": "GET",
						"header": [],
						"url": {
							"raw": "{{baseUrl}}/comment.php",
							"host": [
								"{{baseUrl}}"
							],
							"path": [
								"comment.php"
							]
						}
					},
					"response": []
				},
				{
					"name": "Add comment to Product",
					"request": {
						"method": "POST",
						"header": [],
						"body": {
							"mode": "raw",
							"raw": "{\r\n    \"userid\": \"6188a11e93dba6476e3bf8db\",\r\n    \"productid\": \"61888a432c7a5d671e9547e7\",\r\n    \"rating\": \"5\",\r\n    \"image\": \"goodcond.jpg\",\r\n    \"comment\": \"very good condition\"\r\n}",
							"options": {
								"raw": {
									"language": "json"
								}
							}
						},
						"url": {
							"raw": "{{baseUrl}}/comment",
							"host": [
								"{{baseUrl}}"
							],
							"path": [
								"comment"
							]
						}
					},
					"response": []
				},
				{
					"name": "Update Comment of a Perticular Product",
					"request": {
						"method": "PUT",
						"header": [],
						"body": {
							"mode": "raw",
							"raw": "{\r\n    \"userid\": \"6188a11e93dba6476e3bf8db\",\r\n    \"productid\": \"61888a432c7a5d671e9547e7\",\r\n    \"rating\": \"5\",\r\n    \"image\": \"goodcond.jpg\",\r\n    \"comment\": \"very good condition\"\r\n}",
							"options": {
								"raw": {
									"language": "json"
								}
							}
						},
						"url": {
							"raw": "{{baseUrl}}/comment/",
							"host": [
								"{{baseUrl}}"
							],
							"path": [
								"comment",
								""
							]
						}
					},
					"response": []
				},
				{
					"name": "Delete Product Comment",
					"request": {
						"method": "DELETE",
						"header": [],
						"url": {
							"raw": "{{baseUrl}}/comment/6188eb39c29c0618f6098d75",
							"host": [
								"{{baseUrl}}"
							],
							"path": [
								"comment",
								"6188eb39c29c0618f6098d75"
							]
						}
					},
					"response": []
				}
			]
		},
		{
			"name": "User",
			"item": [
				{
					"name": "Get All the Users from Database",
					"protocolProfileBehavior": {
						"disableBodyPruning": true
					},
					"request": {
						"method": "GET",
						"header": [],
						"body": {
							"mode": "raw",
							"raw": "",
							"options": {
								"raw": {
									"language": "json"
								}
							}
						},
						"url": {
							"raw": "{{baseUrl}}/users",
							"host": [
								"{{baseUrl}}"
							],
							"path": [
								"users"
							]
						}
					},
					"response": []
				},
				{
					"name": "Get the User By Id",
					"protocolProfileBehavior": {
						"disableBodyPruning": true
					},
					"request": {
						"method": "GET",
						"header": [],
						"body": {
							"mode": "raw",
							"raw": "id:1\r\nfirstname:Riya\r\nlastname:Kour\r\nusername:riya@@\r\nemail:riya@@gmail.com\r\nshipping_address:Brampton\r\npassword:2234`"
						},
						"url": {
							"raw": "http://localhost:3000/users/6188ea48c29c0618f6098d74",
							"protocol": "http",
							"host": [
								"localhost"
							],
							"port": "3000",
							"path": [
								"users",
								"6188ea48c29c0618f6098d74"
							]
						}
					},
					"response": []
				},
				{
					"name": "Add the User Account",
					"request": {
						"method": "POST",
						"header": [],
						"body": {
							"mode": "raw",
							"raw": "{\r\n        \"id\": \"1\",\r\n        \"firstname\": \"Annie\",\r\n        \"lastname\": \"Kaur\",\r\n        \"username\": \"annie.kaur\",\r\n        \"email\": \"aniieegmail.com\",\r\n        \"shipping_address\": \"Brampton\",\r\n        \"password\": \"****\"\r\n    }",
							"options": {
								"raw": {
									"language": "json"
								}
							}
						},
						"url": {
							"raw": "{{baseUrl}}/users",
							"host": [
								"{{baseUrl}}"
							],
							"path": [
								"users"
							]
						}
					},
					"response": []
				},
				{
					"name": "Update Existing User Address or Other Information",
					"request": {
						"method": "PUT",
						"header": [],
						"body": {
							"mode": "raw",
							"raw": "{\r\n        \"id\": \"1\",\r\n        \"firstname\": \"Annie\",\r\n        \"lastname\": \"Kaur\",\r\n        \"username\": \"annie.kaur\",\r\n        \"email\": \"aniieegmail.com\",\r\n        \"shipping_address\": \"Brampton\",\r\n        \"password\": \"1234\"\r\n    }",
							"options": {
								"raw": {
									"language": "json"
								}
							}
						},
						"url": {
							"raw": "{{baseUrl}}/users/6188cea34604971cdd9f071a",
							"host": [
								"{{baseUrl}}"
							],
							"path": [
								"users",
								"6188cea34604971cdd9f071a"
							]
						}
					},
					"response": []
				},
				{
					"name": "Delete User Account",
					"request": {
						"method": "DELETE",
						"header": [],
						"url": {
							"raw": "{{baseUrl}}/users/6188ce9193dba6476e3bf8dc",
							"host": [
								"{{baseUrl}}"
							],
							"path": [
								"users",
								"6188ce9193dba6476e3bf8dc"
							]
						}
					},
					"response": []
				}
			]
		},
		{
			"name": "ProductHistory",
			"item": [
				{
					"name": "Get All the purchased products of the user",
					"request": {
						"method": "GET",
						"header": [],
						"url": {
							"raw": "{{baseUrl}}/product_history",
							"host": [
								"{{baseUrl}}"
							],
							"path": [
								"product_history"
							]
						}
					},
					"response": []
				},
				{
					"name": "Get All the Products History(For All Users)",
					"request": {
						"method": "GET",
						"header": [],
						"url": {
							"raw": "{{baseUrl}}/product_history",
							"host": [
								"{{baseUrl}}"
							],
							"path": [
								"product_history"
							]
						}
					},
					"response": []
				},
				{
					"name": "Create the Product History",
					"request": {
						"method": "POST",
						"header": [],
						"body": {
							"mode": "raw",
							"raw": "{\r\n    \"productid\" : \"61888a432c7a5d671e9547e7\",\r\n    \"userid\" : \"6188a11e93dba6476e3bf8db\",\r\n    \"brand\" : \"Apple\",\r\n    \"productname\" : \"HP Chromebook 14-inch (35.56 cms) Thin & Light Touchscreen Laptop (Celeron N4020/4GB/64GB eMMC + 256GB Expandable Storage/Chrome OS/1.46 kgs Light/ Mineral Silver), 14a-na0003TU\"\r\n}",
							"options": {
								"raw": {
									"language": "json"
								}
							}
						},
						"url": {
							"raw": "{{baseUrl}}/product_history",
							"host": [
								"{{baseUrl}}"
							],
							"path": [
								"product_history"
							]
						}
					},
					"response": []
				}
			]
		}
	]
}